video_name,dat_file_name
05102023_rat_s1_n_1,2023-05-10_12-10-07
05102023_rat_s1_n_1_2,2023-05-10_12-10-07
05102023_rat_s1_n_1_d,2023-05-10_12-10-07
05102023_rat_s1_n_2_1,2023-05-10_12-42-33
05102023_rat_s1_n_2_1-1,2023-05-10_12-42-33
05102023_rat_s1_n_2_1-2,2023-05-10_12-42-33
05102023_rat_s1_n_2_2,2023-05-10_12-42-33
05102023_rat_s1_n_2_d,2023-05-10_12-42-33
05112023_rat_s1_n_1,2023-05-11_09-52-34
05112023_rat_s1_n_1_2,2023-05-11_09-52-34
05112023_rat_s1_n_1_d,2023-05-11_09-52-34
05112023_rat_s1_n_2,2023-05-11_10-31-38
05112023_rat_s1_n_2_2,2023-05-11_10-31-38
05112023_rat_s1_n_2_d,2023-05-11_10-31-38
05112023_rat_s1_n_2_d-2,2023-05-11_10-31-38
05122023_rat_s1_n_1,2023-05-12_11-50-44
05122023_rat_s1_n_1_2,2023-05-12_11-50-44
05122023_rat_s1_n_1_d,2023-05-12_11-50-44
05122023_rat_s1_n_2,2023-05-12_12-50-06
05122023_rat_s1_n_2-1,2023-05-12_12-50-06
05122023_rat_s1_n_3,2023-05-12_12-59-39
05132023_rat_s1_n_1,2023-05-13_12-48-03
05132023_rat_s1_n_1_2,2023-05-13_12-48-03
05132023_rat_s1_n_1_d,2023-05-13_12-48-03
05132023_rat_s1_n_2,2023-05-13_13-26-08
05132023_rat_s1_n_2_2,2023-05-13_13-26-08
05132023_rat_s1_n_2_d,2023-05-13_13-26-08
05152023_rat_s1_n_1,2023-05-15_11-14-23
05152023_rat_s1_n_1_2,2023-05-15_11-14-23
05152023_rat_s1_n_1_d,2023-05-15_11-14-23
05152023_rat_s1_n_2,2023-05-15_12-04-52
05152023_rat_s1_n_2_2,2023-05-15_12-04-52
05152023_rat_s1_n_2_d,2023-05-15_12-04-52
05152023_rat_s1_n_3,2023-05-15_12-43-38
05152023_rat_s1_n_3_2,2023-05-15_12-43-38
05152023_rat_s1_n_3_d,2023-05-15_12-43-38
05162023_rat_s1_n_1,2023-05-16_13-07-40
05162023_rat_s1_n_1_2,2023-05-16_13-07-40
05162023_rat_s1_n_1_d,2023-05-16_13-07-40
05162023_rat_s1_n_2,2023-05-16_13-49-43
05162023_rat_s1_n_2-2,2023-05-16_13-49-43
05162023_rat_s1_n_2_2,2023-05-16_13-49-43
05162023_rat_s1_n_2_d,2023-05-16_13-49-43
05162023_rat_s1_n_3,2023-05-16_14-26-04
05162023_rat_s1_n_3_2,2023-05-16_14-26-04
05162023_rat_s1_n_3_d,2023-05-16_14-26-04
05172023_rat_s1_n_2,2023-05-17_15-23-51
05172023_rat_s1_n_2_2,2023-05-17_15-23-51
05172023_rat_s1_n_2_d,2023-05-17_15-23-51
05172023_rat_s1_n_3,2023-05-17_16-03-38
05172023_rat_s1_n_3_2,2023-05-17_16-03-38
05172023_rat_s1_n_3_d,2023-05-17_16-03-38
05182023_rat_s1_n_1,2023-05-18_14-12-28
05182023_rat_s1_n_1_2,2023-05-18_14-12-28
05182023_rat_s1_n_1_d,2023-05-18_14-12-28
05182023_rat_s1_n_2,2023-05-18_14-58-33
05182023_rat_s1_n_2_2,2023-05-18_14-58-33
05182023_rat_s1_n_2_d,2023-05-18_14-58-33
05182023_rat_s1_n_3,2023-05-18_16-50-56
05182023_rat_s1_n_3_2,2023-05-18_16-50-56
05182023_rat_s1_n_3_d,2023-05-18_16-50-56
05182023_rat_s1_n_4,2023-05-18_17-26-09
05182023_rat_s1_n_4_2,2023-05-18_17-26-09
05182023_rat_s1_n_4_d,2023-05-18_17-26-09
05182023_rat_s1_n_5,2023-05-18_18-06-22
05192023_rat_s1_n_1,2023-05-19_14-10-31
05192023_rat_s1_n_1-2,2023-05-19_14-10-31
05192023_rat_s1_n_1_2,2023-05-19_14-10-31
05192023_rat_s1_n_1_d,2023-05-19_14-10-31
05192023_rat_s1_n_2,2023-05-19_14-52-08
05192023_rat_s1_n_2_2,2023-05-19_14-52-08
05192023_rat_s1_n_2_d,2023-05-19_14-52-08
05192023_rat_s1_n_3,2023-05-19_15-32-55
05192023_rat_s1_n_3_2,2023-05-19_15-32-55
05192023_rat_s1_n_3_d,2023-05-19_15-32-55
05192023_rat_s1_n_4,2023-05-19_16-09-43
05192023_rat_s1_n_4_d,2023-05-19_16-09-43
05192023_rat_s1_n_5,2023-05-19_16-28-24
05192023_rat_s1_n_5_d,2023-05-19_16-28-24
05202023_rat_s1_n_1,2023-05-20_09-56-50
05202023_rat_s1_n_1-2,2023-05-20_09-56-50
05202023_rat_s1_n_1-3,2023-05-20_09-56-50
05202023_rat_s1_n_1-4,2023-05-20_09-56-50
05202023_rat_s1_n_1_2,2023-05-20_09-56-50
05202023_rat_s1_n_1_d,2023-05-20_09-56-50
05202023_rat_s1_n_2,2023-05-20_10-38-18
05202023_rat_s1_n_2_2,2023-05-20_10-38-18
05202023_rat_s1_n_2_d,2023-05-20_10-38-18
05202023_rat_s1_n_3,2023-05-20_11-13-34
05202023_rat_s1_n_3_2,2023-05-20_11-13-34
05202023_rat_s1_n_3_2-2,2023-05-20_11-13-34
05202023_rat_s1_n_3_d,2023-05-20_11-13-34
05202023_rat_s1_n_4,2023-05-20_12-43-55
05202023_rat_s1_n_4-2,2023-05-20_12-43-55
05202023_rat_s1_n_4-3,2023-05-20_12-43-55
05202023_rat_s1_n_4_2,2023-05-20_12-43-55
05202023_rat_s1_n_4_2-2,2023-05-20_12-43-55
05202023_rat_s1_n_4_d,2023-05-20_12-43-55
05202023_rat_s1_n_5,2023-05-20_13-18-38
05202023_rat_s1_n_5_d,2023-05-20_13-18-38
05222023_rat_s1_n_1,2023-05-22_17-15-05
05222023_rat_s1_n_1_2,2023-05-22_17-15-05
05222023_rat_s1_n_1_d,2023-05-22_17-15-05
05222023_rat_s1_n_2,2023-05-22_20-28-04
05222023_rat_s1_n_3,2023-05-22_20-49-52
05222023_rat_s1_n_3-2,2023-05-22_20-49-52
05222023_rat_s1_n_3_2,2023-05-22_20-49-52
05222023_rat_s1_n_3_d,2023-05-22_20-49-52
05222023_rat_s1_n_4,2023-05-22_21-28-22
05222023_rat_s1_n_4_d,2023-05-22_21-28-22
05222023_rat_s1_n_5,2023-05-22_21-59-37
05222023_rat_s1_n_5_d,2023-05-22_21-59-37
05222023_rat_s1_n_d,2023-05-22_20-28-04
05222023_rat_s1_n_d-2,2023-05-22_20-28-04
05232023_rat_s1_n_1,2023-05-23_08-05-35
05232023_rat_s1_n_1_2,2023-05-23_08-05-35
05232023_rat_s1_n_1_d,2023-05-23_08-05-35
05232023_rat_s1_n_3,2023-05-23_08-44-46
05232023_rat_s1_n_3_2,2023-05-23_08-44-46
05232023_rat_s1_n_3_d,2023-05-23_08-44-46
05232023_rat_s1_n_4,2023-05-23_09-24-10
05232023_rat_s1_n_4_2,2023-05-23_09-24-10
05232023_rat_s1_n_4_d,2023-05-23_09-24-10
05242023_rat_s1_n_1,2023-05-24_19-17-54
05242023_rat_s1_n_1_2,2023-05-24_19-17-54
05242023_rat_s1_n_1_d,2023-05-24_19-17-54
05242023_rat_s1_n_3,2023-05-24_19-58-07
05242023_rat_s1_n_3-2,2023-05-24_19-58-07
05242023_rat_s1_n_3_2,2023-05-24_19-58-07
05242023_rat_s1_n_3_d,2023-05-24_19-58-07
05242023_rat_s1_n_4,2023-05-24_20-38-10
05242023_rat_s1_n_4_2,2023-05-24_20-38-10
05242023_rat_s1_n_4_d,2023-05-24_20-38-10
05242023_rat_s1_n_4_d-2,2023-05-24_20-38-10
05242023_rat_s1_n_5,2023-05-24_21-07-34
05242023_rat_s1_n_5_2,2023-05-24_21-07-34
05242023_rat_s1_n_5_d,2023-05-24_21-07-34
05252023_rat_s1_n_1,2023-05-25_19-20-13
05252023_rat_s1_n_1_2,2023-05-25_19-20-13
05252023_rat_s1_n_1_d,2023-05-25_19-20-13
05252023_rat_s1_n_3,2023-05-25_20-00-37
05252023_rat_s1_n_3_2,2023-05-25_20-00-37
05252023_rat_s1_n_3_d,2023-05-25_20-00-37
05252023_rat_s1_n_4,2023-05-25_21-26-06
05252023_rat_s1_n_4-2,2023-05-25_21-26-06
05252023_rat_s1_n_4_2,2023-05-25_21-26-06
05252023_rat_s1_n_4_2-2,2023-05-25_21-26-06
05252023_rat_s1_n_4_d,2023-05-25_21-26-06
05252023_rat_s1_n_5,2023-05-25_20-38-38
05252023_rat_s1_n_5_2,2023-05-25_20-38-38
05252023_rat_s1_n_5_d,2023-05-25_20-38-38
05252023_rat_s1_n_5_d-2,2023-05-25_20-38-38
05262023_rat_s1_n_1,2023-05-26_15-39-27
05262023_rat_s1_n_1_2,2023-05-26_15-39-27
05262023_rat_s1_n_1_d,2023-05-26_15-39-27
05262023_rat_s1_n_3,2023-05-26_16-25-21
05262023_rat_s1_n_3_2,2023-05-26_16-25-21
05262023_rat_s1_n_3_d,2023-05-26_16-25-21
05262023_rat_s1_n_4,2023-05-26_16-25-21
05262023_rat_s1_n_4-2,2023-05-26_17-03-30
05262023_rat_s1_n_4_2,2023-05-26_17-03-30
05262023_rat_s1_n_4_d,2023-05-26_17-03-30
05262023_rat_s1_n_5,2023-05-26_17-41-12
05262023_rat_s1_n_5_2,2023-05-26_17-41-12
05262023_rat_s1_n_5_d,2023-05-26_17-41-12
07272023_rat_s1_n_6,2023-07-27_20-33-01
07272023_rat_s1_n_6_d,2023-07-27_20-33-01
07272023_rat_s1_n_7,2023-07-27_20-50-56
07272023_rat_s1_n_7_d,2023-07-27_20-50-56
07282023_rat_s1_n_6,2023-07-28_20-39-00
07282023_rat_s1_n_6-2,2023-07-28_20-39-00
07282023_rat_s1_n_7,2023-07-28_21-01-15
07292023_rat_s1_n_6,2023-07-29_14-39-21
07292023_rat_s1_n_6_d,2023-07-29_14-39-21
07292023_rat_s1_n_7,2023-07-29_15-01-40
07292023_rat_s1_n_7_d,2023-07-29_15-01-40
07302023_rat_s1_n_6,2023-07-30_13-59-27
07302023_rat_s1_n_6_d,2023-07-30_13-59-27
07302023_rat_s1_n_7,2023-07-30_14-24-16
07302023_rat_s1_n_7_2,2023-07-30_14-24-16
07302023_rat_s1_n_7_d,2023-07-30_14-24-16
07312023_rat_s1_n_6,2023-07-31_19-47-43
07312023_rat_s1_n_6_2,2023-07-31_19-47-43
07312023_rat_s1_n_6_d,2023-07-31_19-47-43
07312023_rat_s1_n_7,2023-07-31_20-23-58
07312023_rat_s1_n_7_d,2023-07-31_20-23-58
07312023_rat_s1_n_7_d-2,2023-07-31_20-23-58
07312023_rat_s1_n_7_d-3,2023-07-31_20-23-58
08012023_rat_s1_n_6,2023-08-01_19-31-16
08012023_rat_s1_n_6_2,2023-08-01_19-31-16
08012023_rat_s1_n_6_d,2023-08-01_19-31-16
08012023_rat_s1_n_7,2023-08-01_19-58-04
08012023_rat_s1_n_7_2,2023-08-01_19-58-04
08012023_rat_s1_n_7_2-2,2023-08-01_19-58-04
08012023_rat_s1_n_7_d,2023-08-01_19-58-04
08022023_rat_s1_n_6,2023-08-02_19-23-59
08022023_rat_s1_n_6_2,2023-08-02_19-23-59
08022023_rat_s1_n_6_d,2023-08-02_19-23-59
08022023_rat_s1_n_7,2023-08-02_19-54-24
08022023_rat_s1_n_7_2,2023-08-02_19-54-24
08022023_rat_s1_n_7_d,2023-08-02_19-54-24
08022023_rat_s1_n_7_d-2,2023-08-02_19-54-24
08032023_rat_s1_n_6,2023-08-03_13-00-17
08032023_rat_s1_n_6-2,2023-08-03_13-00-17
08032023_rat_s1_n_6_2,2023-08-03_13-00-17
08032023_rat_s1_n_6_d,2023-08-03_13-00-17
08032023_rat_s1_n_7,2023-08-03_13-33-00
08032023_rat_s1_n_7_2,2023-08-03_13-33-00
08032023_rat_s1_n_7_d,2023-08-03_13-33-00
08042023_rat_s1_n_6,2023-08-04_19-48-22
08042023_rat_s1_n_6_2,2023-08-04_19-48-22
08042023_rat_s1_n_6_d,2023-08-04_19-48-22
08042023_rat_s1_n_6_d-2,2023-08-04_19-48-22
08042023_rat_s1_n_7,2023-08-04_20-15-43
08042023_rat_s1_n_7_2,2023-08-04_20-15-43
08042023_rat_s1_n_7_d,2023-08-04_20-15-43
08072023_rat_s1_n_6,2023-08-07_12-23-09
08072023_rat_s1_n_6_2,2023-08-07_12-23-09
08072023_rat_s1_n_6_l2,2023-08-07_12-23-09
08072023_rat_s1_n_7,2023-08-07_12-57-16
08072023_rat_s1_n_7_2,2023-08-07_12-57-16
08072023_rat_s1_n_7_l2,2023-08-07_12-57-16
08092023_rat_s1_n_6,2023-08-09_19-59-43
08092023_rat_s1_n_8,2023-08-09_20-14-34
08102023_rat_s1_n_6,2023-08-10_22-27-50
08102023_rat_s1_n_6_d,2023-08-10_22-27-50
08102023_rat_s1_n_7,2023-08-10_22-51-12
08102023_rat_s1_n_7_d,2023-08-10_22-51-12
08112023_rat_s1_n_6,2023-08-11_10-47-14
08112023_rat_s1_n_6_2,2023-08-11_10-47-14
08112023_rat_s1_n_6_2-2,2023-08-11_10-47-14
08112023_rat_s1_n_6_d,2023-08-11_10-47-14
08112023_rat_s1_n_7,2023-08-11_11-23-47
08112023_rat_s1_n_7_2,2023-08-11_11-23-47
08112023_rat_s1_n_7_d,2023-08-11_11-23-47
08132023_rat_s1_n_6,2023-08-13_14-06-23
08132023_rat_s1_n_6-2,2023-08-13_14-06-23
08132023_rat_s1_n_7,2023-08-13_14-26-36
08142023_rat_s1_n_6,2023-08-14_21-23-33
08142023_rat_s1_n_6_2,2023-08-14_21-23-33
08142023_rat_s1_n_6_d,2023-08-14_21-23-33
08142023_rat_s1_n_7,2023-08-14_21-56-40
08152023_rat_s1_n_6,2023-08-15_21-13-16
08182023_rat_s1_n_6,2023-08-18_22-22-02
08202023_rat_s1_n_6,2023-08-20_18-37-49
08212023_rat_s1_n_10,2023-08-21_22-01-10
08212023_rat_s1_n_11,2023-08-21_22-17-48
08212023_rat_s1_n_11_d,2023-08-21_22-17-48
08212023_rat_s1_n_6,2023-08-21_20-15-09
08212023_rat_s1_n_6_2,2023-08-21_20-15-09
08212023_rat_s1_n_6_2-2,2023-08-21_20-15-09
08212023_rat_s1_n_6_d,2023-08-21_20-15-09
08212023_rat_s1_n_8,2023-08-21_20-45-35
08212023_rat_s1_n_8_d,2023-08-21_20-45-35
08212023_rat_s1_n_9,2023-08-21_21-03-51
08212023_rat_s1_n_9_d,2023-08-21_21-03-51
08232023_rat_s1_n_10,2023-08-23_21-27-53
08232023_rat_s1_n_10_d,2023-08-23_21-27-53
08232023_rat_s1_n_11,2023-08-23_21-50-40
08232023_rat_s1_n_11_d,2023-08-23_21-50-40
08232023_rat_s1_n_6,2023-08-23_20-11-51
08232023_rat_s1_n_6_l2,2023-08-23_20-11-51
08232023_rat_s1_n_8,2023-08-23_20-38-29
08232023_rat_s1_n_8_d,2023-08-23_20-38-29
08232023_rat_s1_n_9,2023-08-23_21-03-03
08232023_rat_s1_n_9_2,2023-08-23_21-03-03
08232023_rat_s1_n_9_d,2023-08-23_21-03-03
08282023_rat_s1_n_10,2023-08-28_13-14-40
08282023_rat_s1_n_10_2,2023-08-28_13-14-40
08282023_rat_s1_n_10_d,2023-08-28_13-14-40
08282023_rat_s1_n_11,2023-08-28_13-45-47
08282023_rat_s1_n_11_d,2023-08-28_13-45-47
08282023_rat_s1_n_6,2023-08-28_11-28-01
08282023_rat_s1_n_6_2,2023-08-28_11-28-01
08282023_rat_s1_n_6_d,2023-08-28_11-28-01
08282023_rat_s1_n_8,2023-08-28_12-07-12
08282023_rat_s1_n_8_2,2023-08-28_12-07-12
08282023_rat_s1_n_8_d,2023-08-28_12-07-12
08282023_rat_s1_n_8_d-2,2023-08-28_12-07-12
08282023_rat_s1_n_9,2023-08-28_12-42-45
08282023_rat_s1_n_9_d,2023-08-28_12-42-45
08292023_rat_s1_n_10,2023-08-29_18-06-45
08292023_rat_s1_n_10_2,2023-08-29_18-06-45
08292023_rat_s1_n_10_l2,2023-08-29_18-06-45
08292023_rat_s1_n_11,2023-08-29_18-40-46
08292023_rat_s1_n_11_2,2023-08-29_18-40-46
08292023_rat_s1_n_11_l2,2023-08-29_18-40-46
08292023_rat_s1_n_6,2023-08-29_14-07-13
08292023_rat_s1_n_6_2,2023-08-29_14-07-13
08292023_rat_s1_n_6_l2,2023-08-29_14-07-13
08292023_rat_s1_n_8,2023-08-29_16-59-54
08292023_rat_s1_n_8_2,2023-08-29_16-59-54
08292023_rat_s1_n_8_l2,2023-08-29_16-59-54
08292023_rat_s1_n_9,2023-08-29_17-27-22
08292023_rat_s1_n_9_2,2023-08-29_17-27-22
08292023_rat_s1_n_9_l2,2023-08-29_17-27-22
08302023_rat_s1_n_10,2023-08-30_13-52-22
08302023_rat_s1_n_10_2,2023-08-30_13-52-22
08302023_rat_s1_n_10_d,2023-08-30_13-52-22
08302023_rat_s1_n_10_d-2,2023-08-30_13-52-22
08302023_rat_s1_n_11,2023-08-30_14-20-28
08302023_rat_s1_n_11-2,2023-08-30_14-20-28
08302023_rat_s1_n_11_2,2023-08-30_14-20-28
08302023_rat_s1_n_11_d,2023-08-30_14-20-28
08302023_rat_s1_n_6,2023-08-30_12-15-19
08302023_rat_s1_n_6_2,2023-08-30_12-15-19
08302023_rat_s1_n_6_d,2023-08-30_12-15-19
08302023_rat_s1_n_8,2023-08-30_12-48-57
08302023_rat_s1_n_8_2,2023-08-30_12-48-57
08302023_rat_s1_n_8_d,2023-08-30_12-48-57
08302023_rat_s1_n_9,2023-08-30_13-16-44
08302023_rat_s1_n_9-2,2023-08-30_13-16-44
08302023_rat_s1_n_9_2,2023-08-30_13-16-44
08302023_rat_s1_n_9_d,2023-08-30_13-16-44
08312023_rat_s1_n_10,2023-08-31_15-39-05
08312023_rat_s1_n_10_2,2023-08-31_15-39-05
08312023_rat_s1_n_10_l2,2023-08-31_15-39-05
08312023_rat_s1_n_11,2023-08-31_16-14-03
08312023_rat_s1_n_11_2,2023-08-31_16-14-03
08312023_rat_s1_n_11_l2,2023-08-31_16-14-03
08312023_rat_s1_n_11_l2-2,2023-08-31_16-14-03
08312023_rat_s1_n_6,2023-08-31_10-22-28
08312023_rat_s1_n_6_2,2023-08-31_10-22-28
08312023_rat_s1_n_6_l2,2023-08-31_10-22-28
08312023_rat_s1_n_8,2023-08-31_11-12-31
08312023_rat_s1_n_8_2,2023-08-31_11-12-31
08312023_rat_s1_n_8_l2,2023-08-31_11-12-31
08312023_rat_s1_n_8_l2-2,2023-08-31_11-12-31
08312023_rat_s1_n_9,2023-08-31_11-44-19
08312023_rat_s1_n_9_2,2023-08-31_11-44-19
08312023_rat_s1_n_9_l2,2023-08-31_11-44-19
09012023_rat_s1_n_10,2023-09-01_11-10-54
09012023_rat_s1_n_10_2,2023-09-01_11-10-54
09012023_rat_s1_n_10_d,2023-09-01_11-10-54
09012023_rat_s1_n_11,2023-09-01_11-43-54
09012023_rat_s1_n_11_2,2023-09-01_11-43-54
09012023_rat_s1_n_11_d,2023-09-01_11-43-54
09012023_rat_s1_n_6,2023-09-01_09-22-22
09012023_rat_s1_n_6_2,2023-09-01_09-22-22
09012023_rat_s1_n_6_d,2023-09-01_09-22-22
09012023_rat_s1_n_8,2023-09-01_09-56-36
09012023_rat_s1_n_8_2,2023-09-01_09-56-36
09012023_rat_s1_n_8_d,2023-09-01_09-56-36
09012023_rat_s1_n_9,2023-09-01_10-28-59
09012023_rat_s1_n_9_2,2023-09-01_10-28-59
09012023_rat_s1_n_9_d,2023-09-01_10-28-59
09022023_rat_s1_n_8,2023-09-02_16-05-57
09022023_rat_s1_n_8_d,2023-09-02_16-05-57
09022023_rat_s1_n_8_2,2023-09-02_16-05-57
09022023_rat_s1_n_9,2023-09-02_16-41-03
09022023_rat_s1_n_9_l2,2023-09-02_16-41-03
09022023_rat_s1_n_9_2,2023-09-02_16-41-03
09022023_rat_s1_n_10,2023-09-02_17-22-14
09022023_rat_s1_n_10_l2,2023-09-02_17-22-14
09022023_rat_s1_n_10_2,2023-09-02_17-22-14
09022023_rat_s1_n_11,2023-09-02_17-53-53
09022023_rat_s1_n_11_l2,2023-09-02_17-53-53
09022023_rat_s1_n_11_l2-2,2023-09-02_17-53-53
09022023_rat_s1_n_11_2,2023-09-02_17-53-53
09032023_rat_s1_n_8,2023-09-03_15-31-13
09032023_rat_s1_n_8-2,2023-09-03_15-31-13
09032023_rat_s1_n_8_d,2023-09-03_15-31-13
09032023_rat_s1_n_8_2,2023-09-03_15-31-13
09032023_rat_s1_n_9,2023-09-03_15-56-31
09032023_rat_s1_n_9_d,2023-09-03_15-56-31
09032023_rat_s1_n_9_2,2023-09-03_15-56-31
09032023_rat_s1_n_10,2023-09-03_16-28-01
09032023_rat_s1_n_10-2,2023-09-03_16-28-01
09032023_rat_s1_n_10_d,2023-09-03_16-28-01
09032023_rat_s1_n_10_2,2023-09-03_16-28-01
09032023_rat_s1_n_11,2023-09-03_17-02-10
09032023_rat_s1_n_11_d,2023-09-03_17-02-10
09032023_rat_s1_n_11_2,2023-09-03_17-02-10
09042023_rat_s1_n_8,2023-09-04_13-18-50
09042023_rat_s1_n_8-2,2023-09-04_13-18-50
09042023_rat_s1_n_8_l2,2023-09-04_13-18-50
09042023_rat_s1_n_8_2,2023-09-04_13-18-50
09052023_rat_s1_n_8,2023-09-05_15-14-09
09052023_rat_s1_n_8_d,2023-09-05_15-14-09
09052023_rat_s1_n_8_2,2023-09-05_15-14-09
09052023_rat_s1_n_9,2023-09-05_15-42-05
09052023_rat_s1_n_9_l2,2023-09-05_15-42-05
09052023_rat_s1_n_9_2,2023-09-05_15-42-05
09052023_rat_s1_n_10,2023-09-05_16-10-50
09052023_rat_s1_n_10_l2,2023-09-05_16-10-50
09052023_rat_s1_n_10_2,2023-09-05_16-10-50
09052023_rat_s1_n_11,2023-09-05_16-38-59
09052023_rat_s1_n_11_l2,2023-09-05_16-38-59
09052023_rat_s1_n_11_2,2023-09-05_16-38-59
09062023_rat_s1_n_8,2023-09-06_10-23-13
09062023_rat_s1_n_8_d,2023-09-06_10-23-13
09062023_rat_s1_n_8_2,2023-09-06_10-23-13
09062023_rat_s1_n_9,2023-09-06_10-50-21
09062023_rat_s1_n_9_d,2023-09-06_10-50-21
09062023_rat_s1_n_9_2,2023-09-06_10-50-21
09062023_rat_s1_n_10,2023-09-06_11-21-15
09062023_rat_s1_n_10_d,2023-09-06_11-21-15
09062023_rat_s1_n_10_2,2023-09-06_11-21-15
09062023_rat_s1_n_11,2023-09-06_11-46-19
09062023_rat_s1_n_11_d,2023-09-06_11-46-19
09062023_rat_s1_n_11_2,2023-09-06_11-46-19
09072023_rat_s1_n_8,2023-09-07_16-21-19
09072023_rat_s1_n_8_l2,2023-09-07_16-21-19
09072023_rat_s1_n_9,2023-09-07_16-50-58
09072023_rat_s1_n_9_l2,2023-09-07_16-50-58
09072023_rat_s1_n_9_2,2023-09-07_16-50-58
09072023_rat_s1_n_10,2023-09-07_17-16-56
09072023_rat_s1_n_10_l2,2023-09-07_17-16-56
09072023_rat_s1_n_10_2,2023-09-07_17-16-56
09072023_rat_s1_n_10_l2-2,2023-09-07_17-16-56
09072023_rat_s1_n_11,2023-09-07_17-43-03
09072023_rat_s1_n_11_l2,2023-09-07_17-43-03
09072023_rat_s1_n_11_2,2023-09-07_17-43-03
09072023_rat_s1_n_11_2-2,2023-09-07_17-43-03
09112023_rat_s1_n_8,2023-09-11_20-49-14
09112023_rat_s1_n_8_d,2023-09-11_20-49-14
09112023_rat_s1_n_8_2,2023-09-11_20-49-14
09112023_rat_s1_n_9,2023-09-11_21-18-04
09112023_rat_s1_n_9_d,2023-09-11_21-18-04
09112023_rat_s1_n_9_2,2023-09-11_21-18-04
09112023_rat_s1_n_10,2023-09-11_21-46-03
09112023_rat_s1_n_10_d,2023-09-11_21-46-03
09112023_rat_s1_n_10_2,2023-09-11_21-46-03
09112023_rat_s1_n_11,2023-09-11_22-12-02
09112023_rat_s1_n_11_d,2023-09-11_22-12-02
09112023_rat_s1_n_11_2,2023-09-11_22-12-02
09122023_rat_s1_n_8,2023-09-12_14-07-15
09122023_rat_s1_n_8_l2,2023-09-12_14-07-15
09122023_rat_s1_n_8_2,2023-09-12_14-07-15
09122023_rat_s1_n_9,2023-09-12_14-32-56
09122023_rat_s1_n_9_l2,2023-09-12_14-32-56
09122023_rat_s1_n_9_l2-2,2023-09-12_14-32-56
09122023_rat_s1_n_9_2,2023-09-12_14-32-56
09122023_rat_s1_n_10,2023-09-12_15-08-57
09122023_rat_s1_n_10_l2,2023-09-12_15-08-57
09122023_rat_s1_n_10_2,2023-09-12_15-08-57
09122023_rat_s1_n_11,2023-09-12_15-37-32
09122023_rat_s1_n_11_l2,2023-09-12_15-37-32
09122023_rat_s1_n_11_2,2023-09-12_15-37-32
09132023_rat_s1_n_8,2023-09-13_15-27-14
09132023_rat_s1_n_8_d,2023-09-13_15-27-14
09132023_rat_s1_n_8_2,2023-09-13_15-27-14
09132023_rat_s1_n_9,2023-09-13_15-53-12
09132023_rat_s1_n_9_d,2023-09-13_15-53-12
09132023_rat_s1_n_9_2,2023-09-13_15-53-12
09132023_rat_s1_n_10,2023-09-13_16-19-11
09132023_rat_s1_n_10_d,2023-09-13_16-19-11
09132023_rat_s1_n_10_d-2,2023-09-13_16-19-11
09132023_rat_s1_n_10_2,2023-09-13_16-19-11
09132023_rat_s1_n_11,2023-09-13_16-48-21
09132023_rat_s1_n_11_d,2023-09-13_16-48-21
09132023_rat_s1_n_11_2,2023-09-13_16-48-21
09202023_rat_s1_n_10,2023-09-20_16-21-38
09202023_rat_s1_n_10_l2,2023-09-20_16-21-38
09202023_rat_s1_n_10_2,2023-09-20_16-21-38
09202023_rat_s1_n_11,2023-09-20_16-53-57
09202023_rat_s1_n_11_l2,2023-09-20_16-53-57
09202023_rat_s1_n_11_2,2023-09-20_16-53-57
